CREATE DATABASE  IF NOT EXISTS `cnpm` /*!40100 DEFAULT CHARACTER SET utf8mb4 COLLATE utf8mb4_0900_ai_ci */ /*!80016 DEFAULT ENCRYPTION='N' */;
USE `cnpm`;
-- MySQL dump 10.13  Distrib 8.0.41, for Win64 (x86_64)
--
-- Host: 192.168.181.183    Database: cnpm
-- ------------------------------------------------------
-- Server version	8.0.41-0ubuntu0.22.04.1

/*!40101 SET @OLD_CHARACTER_SET_CLIENT=@@CHARACTER_SET_CLIENT */;
/*!40101 SET @OLD_CHARACTER_SET_RESULTS=@@CHARACTER_SET_RESULTS */;
/*!40101 SET @OLD_COLLATION_CONNECTION=@@COLLATION_CONNECTION */;
/*!50503 SET NAMES utf8 */;
/*!40103 SET @OLD_TIME_ZONE=@@TIME_ZONE */;
/*!40103 SET TIME_ZONE='+00:00' */;
/*!40014 SET @OLD_UNIQUE_CHECKS=@@UNIQUE_CHECKS, UNIQUE_CHECKS=0 */;
/*!40014 SET @OLD_FOREIGN_KEY_CHECKS=@@FOREIGN_KEY_CHECKS, FOREIGN_KEY_CHECKS=0 */;
/*!40101 SET @OLD_SQL_MODE=@@SQL_MODE, SQL_MODE='NO_AUTO_VALUE_ON_ZERO' */;
/*!40111 SET @OLD_SQL_NOTES=@@SQL_NOTES, SQL_NOTES=0 */;

--
-- Table structure for table `bills`
--

DROP TABLE IF EXISTS `bills`;
/*!40101 SET @saved_cs_client     = @@character_set_client */;
/*!50503 SET character_set_client = utf8mb4 */;
CREATE TABLE `bills` (
  `id` int NOT NULL AUTO_INCREMENT,
  `paymentMethod` enum('CASH','BANK_TRANSFER','CARD') DEFAULT NULL,
  `type` enum('DINE_IN','TAKE_AWAY') NOT NULL,
  `status` enum('UNPAID','PAID') NOT NULL DEFAULT 'UNPAID',
  `totalPrice` decimal(10,2) NOT NULL,
  `created_at` datetime(6) NOT NULL DEFAULT CURRENT_TIMESTAMP(6),
  `updated_at` datetime(6) NOT NULL DEFAULT CURRENT_TIMESTAMP(6) ON UPDATE CURRENT_TIMESTAMP(6),
  `table_id` int DEFAULT NULL,
  `cardinfo` json DEFAULT NULL,
  PRIMARY KEY (`id`),
  KEY `FK_d9e410ab4acd856404380028f7e` (`table_id`),
  CONSTRAINT `FK_d9e410ab4acd856404380028f7e` FOREIGN KEY (`table_id`) REFERENCES `tables` (`id`)
) ENGINE=InnoDB AUTO_INCREMENT=92 DEFAULT CHARSET=utf8mb4 COLLATE=utf8mb4_0900_ai_ci;
/*!40101 SET character_set_client = @saved_cs_client */;

--
-- Dumping data for table `bills`
--

LOCK TABLES `bills` WRITE;
/*!40000 ALTER TABLE `bills` DISABLE KEYS */;
INSERT INTO `bills` VALUES (31,'CASH','DINE_IN','UNPAID',1034000.00,'2025-05-14 10:09:58.726188','2025-05-14 10:09:58.726188',NULL,NULL),(32,'CASH','DINE_IN','UNPAID',1034000.00,'2025-05-14 10:11:41.907969','2025-05-14 10:11:41.907969',NULL,NULL),(33,'CASH','DINE_IN','UNPAID',1034000.00,'2025-05-14 10:14:24.239834','2025-05-14 10:14:24.239834',NULL,NULL),(34,'CASH','DINE_IN','UNPAID',1034000.00,'2025-05-14 10:18:40.935384','2025-05-14 10:18:40.935384',NULL,NULL),(35,'CASH','DINE_IN','UNPAID',1034000.00,'2025-05-14 10:23:16.166545','2025-05-14 10:23:16.166545',1,NULL),(36,'CASH','DINE_IN','UNPAID',1110000.00,'2025-05-14 21:04:43.222614','2025-05-14 21:04:43.222614',1,NULL),(37,'CASH','DINE_IN','UNPAID',1110000.00,'2025-05-14 21:04:50.363922','2025-05-14 21:04:50.363922',1,NULL),(38,'CASH','DINE_IN','UNPAID',1110000.00,'2025-05-14 21:05:17.256829','2025-05-14 21:05:17.256829',1,NULL),(39,'CASH','DINE_IN','UNPAID',1110000.00,'2025-05-14 21:05:17.335371','2025-05-14 21:05:17.335371',1,NULL),(40,'CASH','DINE_IN','UNPAID',1110000.00,'2025-05-14 21:05:17.336433','2025-05-14 21:05:17.336433',1,NULL),(41,'CASH','DINE_IN','UNPAID',1110000.00,'2025-05-14 21:05:17.338957','2025-05-14 21:05:17.338957',1,NULL),(42,'CASH','DINE_IN','UNPAID',1110000.00,'2025-05-14 21:05:17.340802','2025-05-14 21:05:17.340802',1,NULL),(43,'CASH','DINE_IN','UNPAID',1110000.00,'2025-05-14 21:05:17.342482','2025-05-14 21:05:17.342482',1,NULL),(44,'CASH','DINE_IN','UNPAID',1110000.00,'2025-05-14 21:05:20.601438','2025-05-14 21:05:20.601438',1,NULL),(45,'CASH','DINE_IN','UNPAID',1110000.00,'2025-05-14 21:05:20.602189','2025-05-14 21:05:20.602189',1,NULL),(46,'CASH','DINE_IN','UNPAID',1110000.00,'2025-05-14 21:05:20.604540','2025-05-14 21:05:20.604540',1,NULL),(47,'CASH','DINE_IN','UNPAID',1110000.00,'2025-05-14 21:05:20.751000','2025-05-14 21:05:20.751000',1,NULL),(48,'CASH','DINE_IN','UNPAID',1110000.00,'2025-05-14 21:05:20.873650','2025-05-14 21:05:20.873650',1,NULL),(49,'CASH','DINE_IN','UNPAID',1110000.00,'2025-05-14 21:05:20.875893','2025-05-14 21:05:20.875893',1,NULL),(50,'CASH','DINE_IN','UNPAID',1110000.00,'2025-05-14 21:05:23.195463','2025-05-14 21:05:23.195463',1,NULL),(51,'CASH','DINE_IN','UNPAID',1110000.00,'2025-05-14 21:05:23.279131','2025-05-14 21:05:23.279131',1,NULL),(52,'CASH','DINE_IN','UNPAID',1110000.00,'2025-05-14 21:05:23.483334','2025-05-14 21:05:23.483334',1,NULL),(53,'CASH','DINE_IN','UNPAID',1110000.00,'2025-05-14 21:05:23.485225','2025-05-14 21:05:23.485225',1,NULL),(54,'CASH','DINE_IN','UNPAID',1110000.00,'2025-05-14 21:05:23.693476','2025-05-14 21:05:23.693476',1,NULL),(55,'CASH','DINE_IN','UNPAID',1110000.00,'2025-05-14 21:05:23.694029','2025-05-14 21:05:23.694029',1,NULL),(56,'CASH','DINE_IN','UNPAID',1110000.00,'2025-05-14 21:05:25.373731','2025-05-14 21:05:25.373731',1,NULL),(57,'CASH','DINE_IN','UNPAID',1110000.00,'2025-05-14 21:05:25.621486','2025-05-14 21:05:25.621486',1,NULL),(58,'CASH','DINE_IN','UNPAID',1110000.00,'2025-05-14 21:05:25.705629','2025-05-14 21:05:25.705629',1,NULL),(59,'CASH','DINE_IN','UNPAID',1110000.00,'2025-05-14 21:05:25.792208','2025-05-14 21:05:25.792208',1,NULL),(60,'CASH','DINE_IN','UNPAID',1110000.00,'2025-05-14 21:05:25.981133','2025-05-14 21:05:25.981133',1,NULL),(61,'CASH','DINE_IN','UNPAID',1110000.00,'2025-05-14 21:05:25.982502','2025-05-14 21:05:25.982502',1,NULL),(62,'CASH','DINE_IN','UNPAID',1110000.00,'2025-05-14 21:05:27.763741','2025-05-14 21:05:27.763741',1,NULL),(63,'CASH','DINE_IN','UNPAID',1110000.00,'2025-05-14 21:05:28.034026','2025-05-14 21:05:28.034026',1,NULL),(64,'CASH','DINE_IN','UNPAID',1110000.00,'2025-05-14 21:05:28.160141','2025-05-14 21:05:28.160141',1,NULL),(65,'CASH','DINE_IN','UNPAID',1110000.00,'2025-05-14 21:05:28.255632','2025-05-14 21:05:28.255632',1,NULL),(66,'CASH','DINE_IN','UNPAID',1110000.00,'2025-05-14 21:05:28.514021','2025-05-14 21:05:28.514021',1,NULL),(67,'CASH','DINE_IN','UNPAID',1110000.00,'2025-05-14 21:05:28.517206','2025-05-14 21:05:28.517206',1,NULL),(68,'CASH','DINE_IN','UNPAID',1110000.00,'2025-05-14 21:05:30.929968','2025-05-14 21:05:30.929968',1,NULL),(69,'CASH','DINE_IN','UNPAID',1110000.00,'2025-05-14 21:05:30.931701','2025-05-14 21:05:30.931701',1,NULL),(70,'CASH','DINE_IN','UNPAID',1110000.00,'2025-05-14 21:05:31.337203','2025-05-14 21:05:31.337203',1,NULL),(71,'CASH','DINE_IN','UNPAID',1110000.00,'2025-05-14 21:05:31.572136','2025-05-14 21:05:31.572136',1,NULL),(72,'CASH','DINE_IN','UNPAID',1110000.00,'2025-05-14 21:05:31.573417','2025-05-14 21:05:31.573417',1,NULL),(73,'CASH','DINE_IN','UNPAID',1110000.00,'2025-05-14 21:05:31.626537','2025-05-14 21:05:31.626537',1,NULL),(74,'CASH','DINE_IN','UNPAID',1110000.00,'2025-05-14 21:05:33.520470','2025-05-14 21:05:33.520470',1,NULL),(75,'CASH','DINE_IN','UNPAID',1110000.00,'2025-05-14 21:05:33.638116','2025-05-14 21:05:33.638116',1,NULL),(76,'CASH','DINE_IN','UNPAID',1110000.00,'2025-05-14 21:05:34.004899','2025-05-14 21:05:34.004899',1,NULL),(77,'CASH','DINE_IN','UNPAID',1110000.00,'2025-05-14 21:05:34.156763','2025-05-14 21:05:34.156763',1,NULL),(78,'CASH','DINE_IN','UNPAID',1110000.00,'2025-05-14 21:05:34.426695','2025-05-14 21:05:34.426695',1,NULL),(79,'CASH','DINE_IN','UNPAID',1110000.00,'2025-05-14 21:05:34.505908','2025-05-14 21:05:34.505908',1,NULL),(80,'CASH','DINE_IN','UNPAID',1110000.00,'2025-05-14 21:05:36.216299','2025-05-14 21:05:36.216299',1,NULL),(81,'CASH','DINE_IN','UNPAID',1110000.00,'2025-05-14 21:05:36.354402','2025-05-14 21:05:36.354402',1,NULL),(82,'CASH','DINE_IN','UNPAID',1110000.00,'2025-05-14 21:05:36.593002','2025-05-14 21:05:36.593002',1,NULL),(83,'CASH','DINE_IN','UNPAID',1110000.00,'2025-05-14 21:05:36.830714','2025-05-14 21:05:36.830714',1,NULL),(84,'CASH','DINE_IN','UNPAID',1110000.00,'2025-05-14 21:05:36.832548','2025-05-14 21:05:36.832548',1,NULL),(85,'CASH','DINE_IN','UNPAID',1110000.00,'2025-05-14 21:05:37.089942','2025-05-14 21:05:37.089942',1,NULL),(86,'CASH','DINE_IN','UNPAID',1110000.00,'2025-05-14 21:05:38.807280','2025-05-14 21:05:38.807280',1,NULL),(87,'CASH','DINE_IN','UNPAID',1110000.00,'2025-05-14 21:05:38.892728','2025-05-14 21:05:38.892728',1,NULL),(88,'CASH','DINE_IN','UNPAID',1110000.00,'2025-05-14 21:05:39.616287','2025-05-14 21:05:39.616287',1,NULL),(89,'CASH','DINE_IN','UNPAID',1110000.00,'2025-05-14 21:05:39.722086','2025-05-14 21:05:39.722086',1,NULL),(90,'BANK_TRANSFER','DINE_IN','UNPAID',1110000.00,'2025-05-14 21:29:21.998683','2025-05-14 21:29:21.998683',1,NULL),(91,'CARD','DINE_IN','UNPAID',1110000.00,'2025-05-14 21:49:33.598577','2025-05-14 21:49:33.598577',1,'{\"cvv\": \"123\", \"cardNumber\": \"4539 1488 0343 6467\", \"cardHolderName\": \"Nguyen Vawn A\", \"expirationDate\": \"12/26\"}');
/*!40000 ALTER TABLE `bills` ENABLE KEYS */;
UNLOCK TABLES;

--
-- Table structure for table `categories`
--

DROP TABLE IF EXISTS `categories`;
/*!40101 SET @saved_cs_client     = @@character_set_client */;
/*!50503 SET character_set_client = utf8mb4 */;
CREATE TABLE `categories` (
  `id` int NOT NULL AUTO_INCREMENT,
  `name` varchar(255) NOT NULL,
  `description` text,
  `status` int NOT NULL DEFAULT '1',
  `created_at` datetime(6) NOT NULL DEFAULT CURRENT_TIMESTAMP(6),
  `created_update` datetime(6) NOT NULL DEFAULT CURRENT_TIMESTAMP(6) ON UPDATE CURRENT_TIMESTAMP(6),
  `image` varchar(255) DEFAULT NULL,
  PRIMARY KEY (`id`)
) ENGINE=InnoDB AUTO_INCREMENT=4 DEFAULT CHARSET=utf8mb4 COLLATE=utf8mb4_0900_ai_ci;
/*!40101 SET character_set_client = @saved_cs_client */;

--
-- Dumping data for table `categories`
--

LOCK TABLES `categories` WRITE;
/*!40000 ALTER TABLE `categories` DISABLE KEYS */;
INSERT INTO `categories` VALUES (1,'food','fooditem',1,'2025-05-09 03:57:14.780101','2025-05-10 08:32:39.000000','uploads/category/1746839184566-product_3.jpg'),(2,'Burger','BurgerBurgerBurgerBurger',1,'2025-05-09 23:25:48.146908','2025-05-10 08:04:35.000000','uploads/category/1746839075630-product_4.jpg'),(3,'Burger','BurgerBurger',1,'2025-05-09 23:27:35.459896','2025-05-09 23:27:38.000000','uploads/category/1746808058300-product_5.jpg');
/*!40000 ALTER TABLE `categories` ENABLE KEYS */;
UNLOCK TABLES;

--
-- Table structure for table `food_items`
--

DROP TABLE IF EXISTS `food_items`;
/*!40101 SET @saved_cs_client     = @@character_set_client */;
/*!50503 SET character_set_client = utf8mb4 */;
CREATE TABLE `food_items` (
  `id` int NOT NULL AUTO_INCREMENT,
  `name` varchar(255) NOT NULL,
  `sell_price` int NOT NULL,
  `import_price` int NOT NULL,
  `description` varchar(255) NOT NULL,
  `image` varchar(255) DEFAULT NULL,
  `created_at` datetime(6) NOT NULL DEFAULT CURRENT_TIMESTAMP(6),
  `created_update` datetime(6) NOT NULL DEFAULT CURRENT_TIMESTAMP(6) ON UPDATE CURRENT_TIMESTAMP(6),
  `status` int NOT NULL DEFAULT '1',
  `stock` int NOT NULL,
  `category_id` int DEFAULT NULL,
  PRIMARY KEY (`id`),
  KEY `FK_bf31353b77c5507183f82b7a28a` (`category_id`),
  CONSTRAINT `FK_bf31353b77c5507183f82b7a28a` FOREIGN KEY (`category_id`) REFERENCES `categories` (`id`)
) ENGINE=InnoDB AUTO_INCREMENT=15 DEFAULT CHARSET=utf8mb4 COLLATE=utf8mb4_0900_ai_ci;
/*!40101 SET character_set_client = @saved_cs_client */;

--
-- Dumping data for table `food_items`
--

LOCK TABLES `food_items` WRITE;
/*!40000 ALTER TABLE `food_items` DISABLE KEYS */;
INSERT INTO `food_items` VALUES (5,'Burger Bò phô mai đặc biệt',56000,10000,'Burger Bò phô mai đặc biệt','uploads/FoodImage/1746740509210-hinh-anh-ly-ca-phe-muoi.jpg','2025-05-09 14:55:12.071734','2025-05-16 04:41:25.000000',1,2,1),(6,'Burger 2 lớp bò, phô-mai',66000,20000,'Burger 2 lớp bò, phô-mai','uploads/FoodImage/1746777499551-product_2.jpg','2025-05-09 14:58:19.280799','2025-05-16 04:40:45.000000',1,3,1),(7,'Burger Bò miếng lớn phô-mai',79000,20000,'Burger Bò miếng lớn phô-mai','uploads/FoodImage/1746777583841-product_3.jpg','2025-05-09 14:59:43.643627','2025-05-16 04:40:45.000000',1,3,1),(8,'Burger Big Mac',76000,10000,'Burger Big Mac','uploads/FoodImage/1746777637771-product_4.jpg','2025-05-09 15:00:37.495889','2025-05-16 04:40:45.000000',1,2,1),(9,'Burger Bò Hoàng Gia Đặc Biệt',89000,0,'Burger Bò Hoàng Gia Đặc Biệt','uploads/FoodImage/1746777669507-product_5.jpg','2025-05-09 15:01:09.317115','2025-05-15 19:41:44.000000',1,3,1),(10,'Burger Gà phô-mai đặc biệt',69000,0,'Burger Gà phô-mai đặc biệt','uploads/FoodImage/1746777699202-product_6.jpg','2025-05-09 15:01:39.033559','2025-05-16 04:36:40.000000',1,3,1),(11,'Burger Gà Nhỏ Mayo',36000,0,'Burger Gà Nhỏ Mayo','uploads/FoodImage/1746777718825-product_7.jpg','2025-05-09 15:01:58.513588','2025-05-16 04:36:40.000000',1,3,1),(12,'Burger Gà Thượng Hạng Giòn Cay',89000,0,'Burger Gà Thượng Hạng Giòn Cay','uploads/FoodImage/1746777749539-product_7.jpg','2025-05-09 15:02:29.190650','2025-05-16 04:36:40.000000',1,3,1),(13,'Burger Phi lê Cá phô mai',56000,0,'Burger Phi lê Cá phô mai','uploads/FoodImage/1746777774514-product_8.jpg','2025-05-09 15:02:54.337025','2025-05-16 04:36:40.000000',1,3,1),(14,'Burger Xúc Xích - 337 Kcal',36000,0,'Burger Xúc Xích - 337 Kcal','uploads/FoodImage/1746777801776-product_9.jpg','2025-05-09 15:03:21.523698','2025-05-16 04:36:40.000000',1,3,1);
/*!40000 ALTER TABLE `food_items` ENABLE KEYS */;
UNLOCK TABLES;

--
-- Table structure for table `migrations`
--

DROP TABLE IF EXISTS `migrations`;
/*!40101 SET @saved_cs_client     = @@character_set_client */;
/*!50503 SET character_set_client = utf8mb4 */;
CREATE TABLE `migrations` (
  `id` int NOT NULL AUTO_INCREMENT,
  `timestamp` bigint NOT NULL,
  `name` varchar(255) NOT NULL,
  PRIMARY KEY (`id`)
) ENGINE=InnoDB AUTO_INCREMENT=2 DEFAULT CHARSET=utf8mb4 COLLATE=utf8mb4_0900_ai_ci;
/*!40101 SET character_set_client = @saved_cs_client */;

--
-- Dumping data for table `migrations`
--

LOCK TABLES `migrations` WRITE;
/*!40000 ALTER TABLE `migrations` DISABLE KEYS */;
INSERT INTO `migrations` VALUES (1,1746715130291,'DeleteOrder1746715130291');
/*!40000 ALTER TABLE `migrations` ENABLE KEYS */;
UNLOCK TABLES;

--
-- Table structure for table `order_details`
--

DROP TABLE IF EXISTS `order_details`;
/*!40101 SET @saved_cs_client     = @@character_set_client */;
/*!50503 SET character_set_client = utf8mb4 */;
CREATE TABLE `order_details` (
  `id` int NOT NULL AUTO_INCREMENT,
  `quantity` int NOT NULL,
  `status` enum('PLACED','PREPARING','SERVED','COMPLETED','CANCELLED') NOT NULL DEFAULT 'PLACED',
  `billId` int DEFAULT NULL,
  `foodItemId` int DEFAULT NULL,
  PRIMARY KEY (`id`),
  KEY `FK_6e48cc52c4b3983bf0e0c218d6e` (`billId`),
  KEY `FK_cb0924625c58c74e228404d898f` (`foodItemId`),
  CONSTRAINT `FK_6e48cc52c4b3983bf0e0c218d6e` FOREIGN KEY (`billId`) REFERENCES `bills` (`id`),
  CONSTRAINT `FK_cb0924625c58c74e228404d898f` FOREIGN KEY (`foodItemId`) REFERENCES `food_items` (`id`)
) ENGINE=InnoDB AUTO_INCREMENT=711 DEFAULT CHARSET=utf8mb4 COLLATE=utf8mb4_0900_ai_ci;
/*!40101 SET character_set_client = @saved_cs_client */;

--
-- Dumping data for table `order_details`
--

LOCK TABLES `order_details` WRITE;
/*!40000 ALTER TABLE `order_details` DISABLE KEYS */;
INSERT INTO `order_details` VALUES (162,2,'PLACED',31,6),(163,2,'PLACED',31,8),(164,2,'PLACED',31,7),(165,1,'PLACED',31,9),(166,1,'PLACED',31,10),(167,2,'PLACED',31,12),(168,2,'PLACED',31,11),(169,2,'PLACED',31,14),(170,2,'PLACED',31,13),(171,2,'PLACED',32,6),(172,2,'PLACED',32,8),(173,2,'PLACED',32,7),(174,1,'PLACED',32,9),(175,1,'PLACED',32,10),(176,2,'PLACED',32,12),(177,2,'PLACED',32,11),(178,2,'PLACED',32,14),(179,2,'PLACED',32,13),(180,2,'PLACED',33,6),(181,2,'PLACED',33,8),(182,2,'PLACED',33,7),(183,1,'PLACED',33,9),(184,1,'PLACED',33,10),(185,2,'PLACED',33,12),(186,2,'PLACED',33,11),(187,2,'PLACED',33,14),(188,2,'PLACED',33,13),(189,2,'PLACED',34,6),(190,2,'PLACED',34,8),(191,2,'PLACED',34,7),(192,1,'PLACED',34,9),(193,1,'PLACED',34,10),(194,2,'PLACED',34,12),(195,2,'PLACED',34,11),(196,2,'PLACED',34,14),(197,2,'PLACED',34,13),(198,2,'PLACED',35,6),(199,2,'PLACED',35,8),(200,2,'PLACED',35,7),(201,1,'PLACED',35,9),(202,1,'PLACED',35,10),(203,2,'PLACED',35,12),(204,2,'PLACED',35,11),(205,2,'PLACED',35,14),(206,2,'PLACED',35,13),(207,2,'PLACED',36,6),(208,3,'PLACED',36,8),(209,2,'PLACED',36,7),(210,1,'PLACED',36,9),(211,1,'PLACED',36,10),(212,2,'PLACED',36,12),(213,2,'PLACED',36,11),(214,2,'PLACED',36,14),(215,2,'PLACED',36,13),(216,2,'PLACED',37,6),(217,3,'PLACED',37,8),(218,2,'PLACED',37,7),(219,1,'PLACED',37,9),(220,1,'PLACED',37,10),(221,2,'PLACED',37,12),(222,2,'PLACED',37,11),(223,2,'PLACED',37,14),(224,2,'PLACED',37,13),(225,2,'PLACED',38,6),(226,2,'PLACED',39,6),(227,2,'PLACED',43,6),(228,2,'PLACED',41,6),(229,2,'PLACED',42,6),(230,2,'PLACED',40,6),(231,3,'PLACED',38,8),(232,3,'PLACED',39,8),(233,2,'PLACED',38,7),(234,3,'PLACED',41,8),(235,3,'PLACED',40,8),(236,3,'PLACED',42,8),(237,3,'PLACED',43,8),(238,2,'PLACED',39,7),(239,1,'PLACED',38,9),(240,2,'PLACED',41,7),(241,2,'PLACED',42,7),(242,2,'PLACED',40,7),(243,2,'PLACED',43,7),(244,1,'PLACED',39,9),(245,1,'PLACED',38,10),(246,1,'PLACED',42,9),(247,1,'PLACED',43,9),(248,1,'PLACED',41,9),(249,1,'PLACED',40,9),(250,1,'PLACED',39,10),(251,2,'PLACED',38,12),(252,1,'PLACED',40,10),(253,1,'PLACED',41,10),(254,1,'PLACED',42,10),(255,1,'PLACED',43,10),(256,2,'PLACED',39,12),(257,2,'PLACED',43,12),(258,2,'PLACED',39,11),(259,2,'PLACED',38,11),(260,2,'PLACED',42,12),(261,2,'PLACED',40,12),(262,2,'PLACED',41,12),(263,2,'PLACED',43,11),(264,2,'PLACED',39,14),(265,2,'PLACED',42,11),(266,2,'PLACED',40,11),(267,2,'PLACED',38,14),(268,2,'PLACED',41,11),(269,2,'PLACED',43,14),(270,2,'PLACED',40,14),(271,2,'PLACED',38,13),(272,2,'PLACED',39,13),(273,2,'PLACED',41,14),(274,2,'PLACED',42,14),(275,2,'PLACED',43,13),(276,2,'PLACED',40,13),(277,2,'PLACED',42,13),(278,2,'PLACED',41,13),(279,2,'PLACED',46,6),(280,2,'PLACED',45,6),(281,2,'PLACED',44,6),(282,2,'PLACED',47,6),(283,3,'PLACED',46,8),(284,3,'PLACED',47,8),(285,2,'PLACED',49,6),(286,3,'PLACED',45,8),(287,2,'PLACED',48,6),(288,3,'PLACED',44,8),(289,2,'PLACED',46,7),(290,2,'PLACED',45,7),(291,2,'PLACED',47,7),(292,3,'PLACED',49,8),(293,3,'PLACED',48,8),(294,2,'PLACED',44,7),(295,1,'PLACED',46,9),(296,1,'PLACED',44,9),(297,2,'PLACED',49,7),(298,1,'PLACED',45,9),(299,2,'PLACED',48,7),(300,1,'PLACED',47,9),(301,1,'PLACED',46,10),(302,1,'PLACED',47,10),(303,1,'PLACED',49,9),(304,1,'PLACED',48,9),(305,1,'PLACED',44,10),(306,1,'PLACED',45,10),(307,2,'PLACED',46,12),(308,2,'PLACED',47,12),(309,1,'PLACED',48,10),(310,1,'PLACED',49,10),(311,2,'PLACED',45,12),(312,2,'PLACED',46,11),(313,2,'PLACED',44,12),(314,2,'PLACED',47,11),(315,2,'PLACED',46,14),(316,2,'PLACED',48,12),(317,2,'PLACED',45,11),(318,2,'PLACED',44,11),(319,2,'PLACED',49,12),(320,2,'PLACED',47,14),(321,2,'PLACED',46,13),(322,2,'PLACED',48,11),(323,2,'PLACED',49,11),(324,2,'PLACED',45,14),(325,2,'PLACED',44,14),(326,2,'PLACED',47,13),(327,2,'PLACED',44,13),(328,2,'PLACED',49,14),(329,2,'PLACED',48,14),(330,2,'PLACED',45,13),(331,2,'PLACED',50,6),(332,2,'PLACED',49,13),(333,2,'PLACED',51,6),(334,2,'PLACED',48,13),(335,3,'PLACED',50,8),(336,3,'PLACED',51,8),(337,2,'PLACED',53,6),(338,2,'PLACED',52,6),(339,2,'PLACED',50,7),(340,2,'PLACED',55,6),(341,3,'PLACED',52,8),(342,3,'PLACED',53,8),(343,2,'PLACED',51,7),(344,2,'PLACED',54,6),(345,1,'PLACED',50,9),(346,3,'PLACED',55,8),(347,1,'PLACED',51,9),(348,2,'PLACED',53,7),(349,3,'PLACED',54,8),(350,2,'PLACED',52,7),(351,1,'PLACED',50,10),(352,1,'PLACED',53,9),(353,2,'PLACED',55,7),(354,1,'PLACED',52,9),(355,2,'PLACED',54,7),(356,1,'PLACED',51,10),(357,2,'PLACED',50,12),(358,2,'PLACED',51,12),(359,1,'PLACED',54,9),(360,1,'PLACED',53,10),(361,1,'PLACED',52,10),(362,1,'PLACED',55,9),(363,2,'PLACED',50,11),(364,1,'PLACED',55,10),(365,2,'PLACED',52,12),(366,2,'PLACED',51,11),(367,2,'PLACED',53,12),(368,1,'PLACED',54,10),(369,2,'PLACED',50,14),(370,2,'PLACED',55,12),(371,2,'PLACED',53,11),(372,2,'PLACED',54,12),(373,2,'PLACED',51,14),(374,2,'PLACED',52,11),(375,2,'PLACED',50,13),(376,2,'PLACED',51,13),(377,2,'PLACED',53,14),(378,2,'PLACED',54,11),(379,2,'PLACED',55,11),(380,2,'PLACED',52,14),(381,2,'PLACED',53,13),(382,2,'PLACED',52,13),(383,2,'PLACED',56,6),(384,2,'PLACED',55,14),(385,2,'PLACED',54,14),(386,2,'PLACED',54,13),(387,2,'PLACED',55,13),(388,2,'PLACED',57,6),(389,3,'PLACED',56,8),(390,2,'PLACED',58,6),(391,2,'PLACED',56,7),(392,3,'PLACED',57,8),(393,2,'PLACED',59,6),(394,3,'PLACED',58,8),(395,1,'PLACED',56,9),(396,3,'PLACED',59,8),(397,2,'PLACED',57,7),(398,2,'PLACED',60,6),(399,2,'PLACED',61,6),(400,2,'PLACED',58,7),(401,1,'PLACED',57,9),(402,3,'PLACED',61,8),(403,1,'PLACED',56,10),(404,3,'PLACED',60,8),(405,2,'PLACED',59,7),(406,1,'PLACED',58,9),(407,2,'PLACED',56,12),(408,1,'PLACED',59,9),(409,1,'PLACED',57,10),(410,2,'PLACED',60,7),(411,2,'PLACED',61,7),(412,1,'PLACED',58,10),(413,2,'PLACED',56,11),(414,1,'PLACED',61,9),(415,1,'PLACED',59,10),(416,2,'PLACED',57,12),(417,1,'PLACED',60,9),(418,2,'PLACED',58,12),(419,1,'PLACED',60,10),(420,2,'PLACED',57,11),(421,2,'PLACED',56,14),(422,1,'PLACED',61,10),(423,2,'PLACED',59,12),(424,2,'PLACED',58,11),(425,2,'PLACED',61,12),(426,2,'PLACED',57,14),(427,2,'PLACED',60,12),(428,2,'PLACED',56,13),(429,2,'PLACED',59,11),(430,2,'PLACED',58,14),(431,2,'PLACED',61,11),(432,2,'PLACED',60,11),(433,2,'PLACED',59,14),(434,2,'PLACED',57,13),(435,2,'PLACED',58,13),(436,2,'PLACED',62,6),(437,2,'PLACED',61,14),(438,2,'PLACED',59,13),(439,2,'PLACED',60,14),(440,3,'PLACED',62,8),(441,2,'PLACED',60,13),(442,2,'PLACED',61,13),(443,2,'PLACED',63,6),(444,2,'PLACED',64,6),(445,3,'PLACED',63,8),(446,2,'PLACED',65,6),(447,2,'PLACED',62,7),(448,3,'PLACED',64,8),(449,2,'PLACED',63,7),(450,3,'PLACED',65,8),(451,1,'PLACED',62,9),(452,2,'PLACED',67,6),(453,2,'PLACED',66,6),(454,2,'PLACED',64,7),(455,1,'PLACED',63,9),(456,3,'PLACED',67,8),(457,2,'PLACED',65,7),(458,1,'PLACED',64,9),(459,1,'PLACED',62,10),(460,3,'PLACED',66,8),(461,1,'PLACED',63,10),(462,2,'PLACED',66,7),(463,2,'PLACED',62,12),(464,1,'PLACED',64,10),(465,1,'PLACED',65,9),(466,2,'PLACED',67,7),(467,2,'PLACED',63,12),(468,1,'PLACED',67,9),(469,1,'PLACED',66,9),(470,2,'PLACED',64,12),(471,1,'PLACED',65,10),(472,2,'PLACED',62,11),(473,2,'PLACED',63,11),(474,1,'PLACED',66,10),(475,2,'PLACED',62,14),(476,2,'PLACED',64,11),(477,1,'PLACED',67,10),(478,2,'PLACED',65,12),(479,2,'PLACED',63,14),(480,2,'PLACED',66,12),(481,2,'PLACED',67,12),(482,2,'PLACED',65,11),(483,2,'PLACED',63,13),(484,2,'PLACED',64,14),(485,2,'PLACED',62,13),(486,2,'PLACED',66,11),(487,2,'PLACED',67,11),(488,2,'PLACED',65,14),(489,2,'PLACED',64,13),(490,2,'PLACED',66,14),(491,2,'PLACED',67,14),(492,2,'PLACED',69,6),(493,2,'PLACED',68,6),(494,2,'PLACED',65,13),(495,2,'PLACED',66,13),(496,2,'PLACED',67,13),(497,3,'PLACED',68,8),(498,3,'PLACED',69,8),(499,2,'PLACED',70,6),(500,2,'PLACED',68,7),(501,3,'PLACED',70,8),(502,2,'PLACED',71,6),(503,2,'PLACED',69,7),(504,2,'PLACED',72,6),(505,2,'PLACED',73,6),(506,1,'PLACED',68,9),(507,3,'PLACED',71,8),(508,1,'PLACED',69,9),(509,2,'PLACED',70,7),(510,3,'PLACED',72,8),(511,3,'PLACED',73,8),(512,1,'PLACED',68,10),(513,2,'PLACED',71,7),(514,2,'PLACED',72,7),(515,1,'PLACED',69,10),(516,2,'PLACED',68,12),(517,1,'PLACED',70,9),(518,2,'PLACED',73,7),(519,1,'PLACED',71,9),(520,1,'PLACED',73,9),(521,2,'PLACED',69,12),(522,1,'PLACED',72,9),(523,2,'PLACED',68,11),(524,1,'PLACED',70,10),(525,1,'PLACED',71,10),(526,1,'PLACED',72,10),(527,2,'PLACED',70,12),(528,1,'PLACED',73,10),(529,2,'PLACED',68,14),(530,2,'PLACED',69,11),(531,2,'PLACED',71,12),(532,2,'PLACED',69,14),(533,2,'PLACED',72,12),(534,2,'PLACED',73,12),(535,2,'PLACED',68,13),(536,2,'PLACED',70,11),(537,2,'PLACED',71,11),(538,2,'PLACED',69,13),(539,2,'PLACED',73,11),(540,2,'PLACED',72,11),(541,2,'PLACED',71,14),(542,2,'PLACED',70,14),(543,2,'PLACED',71,13),(544,2,'PLACED',73,14),(545,2,'PLACED',74,6),(546,2,'PLACED',70,13),(547,2,'PLACED',72,14),(548,2,'PLACED',75,6),(549,2,'PLACED',73,13),(550,2,'PLACED',72,13),(551,3,'PLACED',75,8),(552,3,'PLACED',74,8),(553,2,'PLACED',76,6),(554,2,'PLACED',74,7),(555,2,'PLACED',77,6),(556,3,'PLACED',76,8),(557,2,'PLACED',75,7),(558,2,'PLACED',78,6),(559,3,'PLACED',77,8),(560,1,'PLACED',75,9),(561,2,'PLACED',79,6),(562,2,'PLACED',76,7),(563,1,'PLACED',74,9),(564,3,'PLACED',78,8),(565,1,'PLACED',74,10),(566,2,'PLACED',77,7),(567,1,'PLACED',76,9),(568,1,'PLACED',75,10),(569,3,'PLACED',79,8),(570,2,'PLACED',78,7),(571,2,'PLACED',75,12),(572,1,'PLACED',76,10),(573,1,'PLACED',77,9),(574,2,'PLACED',79,7),(575,2,'PLACED',74,12),(576,1,'PLACED',78,9),(577,2,'PLACED',75,11),(578,1,'PLACED',79,9),(579,2,'PLACED',74,11),(580,1,'PLACED',77,10),(581,2,'PLACED',76,12),(582,1,'PLACED',78,10),(583,2,'PLACED',75,14),(584,1,'PLACED',79,10),(585,2,'PLACED',77,12),(586,2,'PLACED',76,11),(587,2,'PLACED',74,14),(588,2,'PLACED',78,12),(589,2,'PLACED',75,13),(590,2,'PLACED',74,13),(591,2,'PLACED',76,14),(592,2,'PLACED',78,11),(593,2,'PLACED',79,12),(594,2,'PLACED',77,11),(595,2,'PLACED',79,11),(596,2,'PLACED',78,14),(597,2,'PLACED',76,13),(598,2,'PLACED',77,14),(599,2,'PLACED',80,6),(600,2,'PLACED',78,13),(601,2,'PLACED',79,14),(602,2,'PLACED',81,6),(603,2,'PLACED',77,13),(604,3,'PLACED',80,8),(605,3,'PLACED',81,8),(606,2,'PLACED',79,13),(607,2,'PLACED',82,6),(608,2,'PLACED',80,7),(609,2,'PLACED',81,7),(610,2,'PLACED',83,6),(611,1,'PLACED',80,9),(612,3,'PLACED',82,8),(613,2,'PLACED',84,6),(614,1,'PLACED',81,9),(615,3,'PLACED',83,8),(616,3,'PLACED',84,8),(617,2,'PLACED',82,7),(618,1,'PLACED',80,10),(619,2,'PLACED',85,6),(620,1,'PLACED',81,10),(621,2,'PLACED',83,7),(622,3,'PLACED',85,8),(623,2,'PLACED',84,7),(624,1,'PLACED',82,9),(625,2,'PLACED',80,12),(626,2,'PLACED',81,12),(627,1,'PLACED',83,9),(628,2,'PLACED',85,7),(629,1,'PLACED',84,9),(630,2,'PLACED',80,11),(631,1,'PLACED',82,10),(632,2,'PLACED',81,11),(633,1,'PLACED',83,10),(634,1,'PLACED',84,10),(635,1,'PLACED',85,9),(636,2,'PLACED',82,12),(637,2,'PLACED',80,14),(638,2,'PLACED',81,14),(639,2,'PLACED',83,12),(640,2,'PLACED',81,13),(641,2,'PLACED',80,13),(642,2,'PLACED',82,11),(643,1,'PLACED',85,10),(644,2,'PLACED',84,12),(645,2,'PLACED',83,11),(646,2,'PLACED',84,11),(647,2,'PLACED',85,12),(648,2,'PLACED',83,14),(649,2,'PLACED',82,14),(650,2,'PLACED',86,6),(651,2,'PLACED',83,13),(652,2,'PLACED',84,14),(653,2,'PLACED',87,6),(654,2,'PLACED',82,13),(655,2,'PLACED',85,11),(656,3,'PLACED',86,8),(657,2,'PLACED',86,7),(658,2,'PLACED',85,14),(659,2,'PLACED',84,13),(660,3,'PLACED',87,8),(661,2,'PLACED',88,6),(662,2,'PLACED',87,7),(663,2,'PLACED',85,13),(664,1,'PLACED',86,9),(665,2,'PLACED',89,6),(666,3,'PLACED',88,8),(667,1,'PLACED',87,9),(668,3,'PLACED',89,8),(669,1,'PLACED',86,10),(670,2,'PLACED',88,7),(671,1,'PLACED',87,10),(672,2,'PLACED',89,7),(673,2,'PLACED',86,12),(674,1,'PLACED',88,9),(675,2,'PLACED',86,11),(676,1,'PLACED',89,9),(677,2,'PLACED',87,12),(678,1,'PLACED',88,10),(679,2,'PLACED',86,14),(680,2,'PLACED',87,11),(681,1,'PLACED',89,10),(682,2,'PLACED',88,12),(683,2,'PLACED',86,13),(684,2,'PLACED',87,14),(685,2,'PLACED',89,12),(686,2,'PLACED',88,11),(687,2,'PLACED',87,13),(688,2,'PLACED',89,11),(689,2,'PLACED',88,14),(690,2,'PLACED',89,14),(691,2,'PLACED',88,13),(692,2,'PLACED',89,13),(693,2,'PLACED',90,6),(694,3,'PLACED',90,8),(695,2,'PLACED',90,7),(696,1,'PLACED',90,9),(697,1,'PLACED',90,10),(698,2,'PLACED',90,12),(699,2,'PLACED',90,11),(700,2,'PLACED',90,14),(701,2,'PLACED',90,13),(702,2,'PLACED',91,6),(703,3,'PLACED',91,8),(704,2,'PLACED',91,7),(705,1,'PLACED',91,9),(706,1,'PLACED',91,10),(707,2,'PLACED',91,12),(708,2,'PLACED',91,11),(709,2,'PLACED',91,14),(710,2,'PLACED',91,13);
/*!40000 ALTER TABLE `order_details` ENABLE KEYS */;
UNLOCK TABLES;

--
-- Table structure for table `orders`
--

DROP TABLE IF EXISTS `orders`;
/*!40101 SET @saved_cs_client     = @@character_set_client */;
/*!50503 SET character_set_client = utf8mb4 */;
CREATE TABLE `orders` (
  `id` int NOT NULL AUTO_INCREMENT,
  `type` enum('DINE_IN','TAKE_AWAY') NOT NULL,
  `status` enum('UNPAID','PAID') NOT NULL DEFAULT 'UNPAID',
  `totalPrice` decimal(10,2) NOT NULL,
  `created_at` datetime(6) NOT NULL DEFAULT CURRENT_TIMESTAMP(6),
  `updated_at` datetime(6) NOT NULL DEFAULT CURRENT_TIMESTAMP(6) ON UPDATE CURRENT_TIMESTAMP(6),
  `table_id` int DEFAULT NULL,
  PRIMARY KEY (`id`),
  KEY `FK_3d36410e89a795172fa6e0dd968` (`table_id`),
  CONSTRAINT `FK_3d36410e89a795172fa6e0dd968` FOREIGN KEY (`table_id`) REFERENCES `tables` (`id`)
) ENGINE=InnoDB DEFAULT CHARSET=utf8mb4 COLLATE=utf8mb4_0900_ai_ci;
/*!40101 SET character_set_client = @saved_cs_client */;

--
-- Dumping data for table `orders`
--

LOCK TABLES `orders` WRITE;
/*!40000 ALTER TABLE `orders` DISABLE KEYS */;
/*!40000 ALTER TABLE `orders` ENABLE KEYS */;
UNLOCK TABLES;

--
-- Table structure for table `purchase_order_details`
--

DROP TABLE IF EXISTS `purchase_order_details`;
/*!40101 SET @saved_cs_client     = @@character_set_client */;
/*!50503 SET character_set_client = utf8mb4 */;
CREATE TABLE `purchase_order_details` (
  `id` int NOT NULL AUTO_INCREMENT,
  `quantity` int NOT NULL,
  `price` int NOT NULL,
  `purchase_order_id` int DEFAULT NULL,
  `product_id` int DEFAULT NULL,
  PRIMARY KEY (`id`),
  KEY `FK_08f0d16ed60b199a4973097255d` (`purchase_order_id`),
  KEY `FK_d3b4369887dd815c0b52023ddca` (`product_id`),
  CONSTRAINT `FK_08f0d16ed60b199a4973097255d` FOREIGN KEY (`purchase_order_id`) REFERENCES `purchase_orders` (`id`),
  CONSTRAINT `FK_d3b4369887dd815c0b52023ddca` FOREIGN KEY (`product_id`) REFERENCES `food_items` (`id`)
) ENGINE=InnoDB AUTO_INCREMENT=22 DEFAULT CHARSET=utf8mb4 COLLATE=utf8mb4_0900_ai_ci;
/*!40101 SET character_set_client = @saved_cs_client */;

--
-- Dumping data for table `purchase_order_details`
--

LOCK TABLES `purchase_order_details` WRITE;
/*!40000 ALTER TABLE `purchase_order_details` DISABLE KEYS */;
INSERT INTO `purchase_order_details` VALUES (1,10,1,6,10),(2,1,10,7,5),(3,1,0,7,6),(4,1,0,7,7),(5,1,10000,8,5),(6,1,20000,8,6),(7,1,10000,8,7),(8,1,10000,8,8),(9,3,10000,8,9),(10,3,20000,9,10),(11,3,20000,9,11),(12,3,20000,9,12),(13,3,20000,9,13),(14,3,20000,9,14),(15,1,10000,10,8),(16,1,20000,10,7),(17,1,20000,10,6),(18,1,10000,11,8),(19,1,10000,11,5),(20,1,10000,12,5),(21,1,10000,12,8);
/*!40000 ALTER TABLE `purchase_order_details` ENABLE KEYS */;
UNLOCK TABLES;

--
-- Table structure for table `purchase_orders`
--

DROP TABLE IF EXISTS `purchase_orders`;
/*!40101 SET @saved_cs_client     = @@character_set_client */;
/*!50503 SET character_set_client = utf8mb4 */;
CREATE TABLE `purchase_orders` (
  `id` int NOT NULL AUTO_INCREMENT,
  `status` enum('PENDING','APPROVED','REJECTED','COMPLETED') NOT NULL DEFAULT 'PENDING',
  `created_at` datetime(6) NOT NULL DEFAULT CURRENT_TIMESTAMP(6),
  `updated_at` datetime(6) NOT NULL DEFAULT CURRENT_TIMESTAMP(6) ON UPDATE CURRENT_TIMESTAMP(6),
  `user_id` int DEFAULT NULL,
  PRIMARY KEY (`id`),
  KEY `FK_c13036093717212c2c6aa111c73` (`user_id`),
  CONSTRAINT `FK_c13036093717212c2c6aa111c73` FOREIGN KEY (`user_id`) REFERENCES `user` (`id`)
) ENGINE=InnoDB AUTO_INCREMENT=13 DEFAULT CHARSET=utf8mb4 COLLATE=utf8mb4_0900_ai_ci;
/*!40101 SET character_set_client = @saved_cs_client */;

--
-- Dumping data for table `purchase_orders`
--

LOCK TABLES `purchase_orders` WRITE;
/*!40000 ALTER TABLE `purchase_orders` DISABLE KEYS */;
INSERT INTO `purchase_orders` VALUES (1,'PENDING','2025-05-12 20:46:35.342554','2025-05-12 20:46:35.342554',1),(2,'PENDING','2025-05-12 20:47:27.756960','2025-05-12 20:47:27.756960',1),(3,'PENDING','2025-05-12 20:52:34.257780','2025-05-12 20:52:34.257780',1),(4,'REJECTED','2025-05-12 20:52:41.503890','2025-05-15 19:32:21.000000',1),(5,'PENDING','2025-05-12 20:52:55.494847','2025-05-12 20:52:55.494847',1),(6,'PENDING','2025-05-12 20:56:07.525928','2025-05-12 20:56:07.525928',1),(7,'COMPLETED','2025-05-15 18:46:10.915763','2025-05-15 19:31:51.000000',1),(8,'COMPLETED','2025-05-15 19:41:27.349980','2025-05-15 19:41:44.000000',1),(9,'COMPLETED','2025-05-16 04:36:24.695041','2025-05-16 04:36:40.000000',1),(10,'COMPLETED','2025-05-16 04:40:31.755867','2025-05-16 04:40:45.000000',1),(11,'PENDING','2025-05-16 04:41:24.742699','2025-05-16 04:41:24.742699',1),(12,'PENDING','2025-05-16 04:42:16.103458','2025-05-16 04:42:16.103458',1);
/*!40000 ALTER TABLE `purchase_orders` ENABLE KEYS */;
UNLOCK TABLES;

--
-- Table structure for table `suppliers`
--

DROP TABLE IF EXISTS `suppliers`;
/*!40101 SET @saved_cs_client     = @@character_set_client */;
/*!50503 SET character_set_client = utf8mb4 */;
CREATE TABLE `suppliers` (
  `id` int NOT NULL AUTO_INCREMENT,
  `name` varchar(255) DEFAULT NULL,
  `description` varchar(255) DEFAULT NULL,
  `status` int NOT NULL DEFAULT '1',
  `address` varchar(255) NOT NULL,
  `phone` varchar(255) NOT NULL,
  `created_at` datetime(6) NOT NULL DEFAULT CURRENT_TIMESTAMP(6),
  `created_update` datetime(6) NOT NULL DEFAULT CURRENT_TIMESTAMP(6) ON UPDATE CURRENT_TIMESTAMP(6),
  PRIMARY KEY (`id`)
) ENGINE=InnoDB DEFAULT CHARSET=utf8mb4 COLLATE=utf8mb4_0900_ai_ci;
/*!40101 SET character_set_client = @saved_cs_client */;

--
-- Dumping data for table `suppliers`
--

LOCK TABLES `suppliers` WRITE;
/*!40000 ALTER TABLE `suppliers` DISABLE KEYS */;
/*!40000 ALTER TABLE `suppliers` ENABLE KEYS */;
UNLOCK TABLES;

--
-- Table structure for table `tables`
--

DROP TABLE IF EXISTS `tables`;
/*!40101 SET @saved_cs_client     = @@character_set_client */;
/*!50503 SET character_set_client = utf8mb4 */;
CREATE TABLE `tables` (
  `id` int NOT NULL AUTO_INCREMENT,
  `qr_code` varchar(255) DEFAULT NULL,
  `created_at` datetime(6) NOT NULL DEFAULT CURRENT_TIMESTAMP(6),
  `updated_at` datetime(6) NOT NULL DEFAULT CURRENT_TIMESTAMP(6) ON UPDATE CURRENT_TIMESTAMP(6),
  PRIMARY KEY (`id`)
) ENGINE=InnoDB AUTO_INCREMENT=2 DEFAULT CHARSET=utf8mb4 COLLATE=utf8mb4_0900_ai_ci;
/*!40101 SET character_set_client = @saved_cs_client */;

--
-- Dumping data for table `tables`
--

LOCK TABLES `tables` WRITE;
/*!40000 ALTER TABLE `tables` DISABLE KEYS */;
INSERT INTO `tables` VALUES (1,NULL,'2025-05-12 16:37:12.880424','2025-05-12 16:37:12.880424');
/*!40000 ALTER TABLE `tables` ENABLE KEYS */;
UNLOCK TABLES;

--
-- Table structure for table `user`
--

DROP TABLE IF EXISTS `user`;
/*!40101 SET @saved_cs_client     = @@character_set_client */;
/*!50503 SET character_set_client = utf8mb4 */;
CREATE TABLE `user` (
  `id` int NOT NULL AUTO_INCREMENT,
  `first_name` varchar(255) NOT NULL,
  `last_name` varchar(255) NOT NULL,
  `password` varchar(255) NOT NULL,
  `email` varchar(255) NOT NULL,
  `phone` varchar(255) DEFAULT NULL,
  `roles` varchar(255) NOT NULL DEFAULT 'User',
  `refresh_token` varchar(255) DEFAULT NULL,
  `avatar` varchar(255) DEFAULT NULL,
  `status` int NOT NULL DEFAULT '1',
  `created_at` datetime(6) NOT NULL DEFAULT CURRENT_TIMESTAMP(6),
  `created_update` datetime(6) NOT NULL DEFAULT CURRENT_TIMESTAMP(6) ON UPDATE CURRENT_TIMESTAMP(6),
  PRIMARY KEY (`id`),
  UNIQUE KEY `IDX_e12875dfb3b1d92d7d7c5377e2` (`email`)
) ENGINE=InnoDB AUTO_INCREMENT=3 DEFAULT CHARSET=utf8mb4 COLLATE=utf8mb4_0900_ai_ci;
/*!40101 SET character_set_client = @saved_cs_client */;

--
-- Dumping data for table `user`
--

LOCK TABLES `user` WRITE;
/*!40000 ALTER TABLE `user` DISABLE KEYS */;
INSERT INTO `user` VALUES (1,'huynh','tien','1','a','0326076715','Admin',NULL,NULL,1,'2025-05-09 00:59:30.648515','2025-05-09 01:44:45.780600'),(2,'Tien','Huynh','$2b$10$arMcgx5AcGgVcMhlO5X8BO0QapgaGOihumnq0lvSUVR0.1fbfi4Eq','tien@gamil.com',NULL,'Admin','eyJhbGciOiJIUzI1NiIsInR5cCI6IkpXVCJ9.eyJpZCI6MiwiZW1haWwiOiJ0aWVuQGdhbWlsLmNvbSIsImlhdCI6MTc0NzM0Njk1NiwiZXhwIjoxNzQ3OTUxNzU2fQ.qSEdV02TNX0Hp5Sp1gxZ947L2vvAcP7UGTaZ1gekv-U',NULL,1,'2025-05-09 01:36:29.737111','2025-05-16 05:09:16.000000');
/*!40000 ALTER TABLE `user` ENABLE KEYS */;
UNLOCK TABLES;
/*!40103 SET TIME_ZONE=@OLD_TIME_ZONE */;

/*!40101 SET SQL_MODE=@OLD_SQL_MODE */;
/*!40014 SET FOREIGN_KEY_CHECKS=@OLD_FOREIGN_KEY_CHECKS */;
/*!40014 SET UNIQUE_CHECKS=@OLD_UNIQUE_CHECKS */;
/*!40101 SET CHARACTER_SET_CLIENT=@OLD_CHARACTER_SET_CLIENT */;
/*!40101 SET CHARACTER_SET_RESULTS=@OLD_CHARACTER_SET_RESULTS */;
/*!40101 SET COLLATION_CONNECTION=@OLD_COLLATION_CONNECTION */;
/*!40111 SET SQL_NOTES=@OLD_SQL_NOTES */;

-- Dump completed on 2025-05-16  5:43:30
